{
  "single_stage_legacy_water": {
    "label": "Single-stage, legacy water",
    "r_hat": 0.8495472238565315,
    "r_ci": [
      0.8232195293798314,
      0.8721092240838958
    ],
    "rmse_hat": 1.089250922203064,
    "rmse_ci": [
      1.016173428297043,
      1.1452076725661753
    ]
  },
  "two_stage_synthetic": {
    "label": "Two-stage, synthetic forcing",
    "r_hat": 0.7474000789702671,
    "r_ci": [
      0.7116336471151901,
      0.7782678466411603
    ],
    "rmse_hat": 1.4822678565979004,
    "rmse_ci": [
      1.4005099177360534,
      1.553924100100994
    ]
  },
  "ship_two_stage_era5": {
    "label": "Ship (two-stage + ERA5)",
    "r_hat": 0.7579078698422226,
    "r_ci": [
      0.7224963597961593,
      0.787998978469303
    ],
    "rmse_hat": 1.4210224747657776,
    "rmse_ci": [
      1.3550348460674286,
      1.4750008940696717
    ]
  },
  "pm_era5_K3": {
    "label": "PM + ERA5 (canonical, K=3)",
    "r_hat": 0.4159581264575753,
    "r_ci": [
      0.34902160475364985,
      0.4754859388460202
    ],
    "rmse_hat": 1.8869779706001282,
    "rmse_ci": [
      1.7332944333553315,
      2.029057055711746
    ]
  },
  "phoenix_zero_shot": {
    "label": "Phoenix, zero-shot",
    "r_hat": 0.08314972459161186,
    "r_ci": [
      0.016426250780837905,
      0.164613575076172
    ],
    "rmse_hat": 3.3402304649353027,
    "rmse_ci": [
      3.192275181412697,
      3.4449561953544614
    ]
  },
  "miami_zero_shot": {
    "label": "Miami, zero-shot",
    "r_hat": 0.7597673550914374,
    "r_ci": [
      0.7422581548841878,
      0.7777685062090676
    ],
    "rmse_hat": 2.8480879068374634,
    "rmse_ci": [
      2.769101285934448,
      2.921555560827255
    ]
  },
  "paired_delta_ship_minus_syn": {
    "delta_hat": 0.010507790871955525,
    "delta_ci": [
      0.005131208985165806,
      0.01599441690757307
    ]
  },
  "oat_sensitivity": {
    "r_base": 0.7579078698422226,
    "rmse_base": 1.4210224747657776,
    "rows": [
      {
        "coef": "absorption_impervious",
        "base_value": 0.8032048349373482,
        "delta_r_-25pct": -0.030653041870605247,
        "delta_rmse_-25pct": 0.011707663536071777,
        "delta_r_-10pct": -0.005555901393308416,
        "delta_rmse_-10pct": -0.048676252365112305,
        "delta_r_+10pct": 0.0025973489395902938,
        "delta_rmse_+10pct": 0.10950732231140137,
        "delta_r_+25pct": 0.0035224141884513394,
        "delta_rmse_+25pct": 0.36396920680999756,
        "abs_delta_25": 0.034175456059056586,
        "rank": 1
      },
      {
        "coef": "absorption_vegetation",
        "base_value": 0.4343335062899218,
        "delta_r_-25pct": 0.006727133508785954,
        "delta_rmse_-25pct": 0.09740936756134033,
        "delta_r_-10pct": 0.004390948708694942,
        "delta_rmse_-10pct": 0.025426089763641357,
        "delta_r_+10pct": -0.006365244175299489,
        "delta_rmse_+10pct": -0.012307047843933105,
        "delta_r_+25pct": -0.021684754547398377,
        "delta_rmse_+25pct": -0.0018341541290283203,
        "abs_delta_25": 0.02841188805618433,
        "rank": 2
      },
      {
        "coef": "absorption_water",
        "base_value": 0.1783805014036287,
        "delta_r_-25pct": -0.00027724120166794375,
        "delta_rmse_-25pct": 0.004248142242431641,
        "delta_r_-10pct": 5.331479075354473e-05,
        "delta_rmse_-10pct": 0.000831305980682373,
        "delta_r_+10pct": 0.00019773885701201976,
        "delta_rmse_+10pct": -0.0021589994430541992,
        "delta_r_+25pct": 0.00047424665471962335,
        "delta_rmse_+25pct": -0.0052877068519592285,
        "abs_delta_25": 0.0007514878563875671,
        "rank": 4
      },
      {
        "coef": "et_coeff",
        "base_value": 10.975338863280236,
        "delta_r_-25pct": 0.001178084259673362,
        "delta_rmse_-25pct": -0.010133147239685059,
        "delta_r_-10pct": 0.0007240760183562234,
        "delta_rmse_-10pct": -0.005128622055053711,
        "delta_r_+10pct": -0.0005594335860841237,
        "delta_rmse_+10pct": 0.0040236711502075195,
        "delta_r_+25pct": -0.0015638057556304208,
        "delta_rmse_+25pct": 0.01045459508895874,
        "abs_delta_25": 0.002741890015303783,
        "rank": 3
      }
    ],
    "ranking_metric": "|\u0394r(-25%)| + |\u0394r(+25%)|"
  }
}